company_name,company_domain,job_title,job_url,job_description
Barclays,home.barclays,.NET Developer,https://barclays.wd3.myworkdayjobs.com/External_Career_Site_Barclays/job/Glasgow-Campus/XMLNAME-NET-Developer_JR-0000097454,"Job Description Purpose of the role To design, develop and improve software, utilising various engineering methodologies, that provides business, platform, and technology capabilities for our customers and colleagues. Accountabilities Development and delivery of high-quality software solutions by using industry aligned programming languages, frameworks, and tools. Ensuring that code is scalable, maintainable, and optimized for performance. Cross-functional collaboration with product managers, designers, and other engineers to define software requirements, devise solution strategies, and ensure seamless integration and alignment with business objectives. Collaboration with peers, participate in code reviews, and promote a culture of code quality and knowledge sharing. Stay informed of industry technology trends and innovations and actively contribute to the organization’s technology communities to foster a culture of technical excellence and growth. Adherence to secure coding practices to mitigate vulnerabilities, protect sensitive data, and ensure secure software solutions. Implementation of effective unit testing practices to ensure proper code design, readability, and reliability. Assistant Vice President Expectations To advise and influence decision making, contribute to policy development and take responsibility for operational effectiveness. Collaborate closely with other functions/ business divisions. Lead a team performing complex tasks, using well developed professional knowledge and skills to deliver on work that impacts the whole business function. Set objectives and coach employees in pursuit of those objectives, appraisal of performance relative to objectives and determination of reward outcomes If the position has leadership responsibilities, People Leaders are expected to demonstrate a clear set of leadership behaviours to create an environment for colleagues to thrive and deliver to a consistently excellent standard. The four LEAD behaviours are: L – Listen and be authentic, E – Energise and inspire, A – Align across the enterprise, D – Develop others. OR for an individual contributor, they will lead collaborative assignments and guide team members through structured assignments, identify the need for the inclusion of other areas of specialisation to complete assignments. They will identify new directions for assignments and/ or projects, identifying a combination of cross functional methodologies or practices to meet required outcomes. Consult on complex issues; providing advice to People Leaders to support the resolution of escalated issues. Identify ways to mitigate risk and developing new policies/procedures in support of the control and governance agenda. Take ownership for managing risk and strengthening controls in relation to the work done. Perform work that is closely related to that of other areas, which requires understanding of how areas coordinate and contribute to the achievement of the objectives of the organisation sub-function. Collaborate with other areas of work, for business aligned support areas to keep up to speed with business activity and the business strategy. Engage in complex analysis of data from multiple sources of information, internal and external sources such as procedures and practises (in other areas, teams, companies, etc).to solve problems creatively and effectively. Communicate complex information. 'Complex' information could include sensitive information or information that is difficult to communicate because of its content or its audience. Influence or convince stakeholders to achieve outcomes. All colleagues will be expected to demonstrate the Barclays Values of Respect, Integrity, Service, Excellence and Stewardship – our moral compass, helping us do what we believe is right. They will also be expected to demonstrate the Barclays Mindset – to Empower, Challenge and Drive – the operating manual for how we behave. Join Barclays as a .NET Developer, where you will design and deliver high-performance .NET 8 Web APIs within a modern, distributed environment. You’ll apply your expertise in ASP.NET Core, C# multithreading, and database technologies such as SQL Server or MongoDB to build scalable, resilient solutions. As part of existing team moving from London to Glasgow, you’ll contribute to API development on Kubernetes while continuing to grow your skills in emerging technologies and architectures. To be successful in this role, you should have: .NET 8 Web API Development – Strong experience building, deploying, and maintaining .NET 8 Web APIs, including ASP.NET Core fundamentals such as dependency injection, middleware, routing, controllers, and API versioning. Database Technologies (SQL Server or MongoDB) – Proficiency with SQL Server or hands on MongoDB experience, including driver usage, performance tuning, and connection management. C# Multithreading & Concurrency – Deep understanding of async/await, TPL, thread safe collections, memory management, and parallel processing in distributed systems. Some other highly valued skills may include: Kubernetes & Container Orchestration – Experience with Docker, Kubernetes workloads, pod scaling, CI/CD, IaC, and monitoring. Authentication & Security – Exposure to Kerberos/GSSAPI, Active Directory integration, JWT, and secure API design. Distributed Systems & Event Driven Architecture (incl. Kafka) – Understanding of microservices, event driven patterns, message queues, and Apache Kafka based streaming You may be assessed on key critical skills relevant to success in this role, such as risk and controls, change and transformation, business acumen, strategic thinking, digital and technology skills, as well as job-specific technical skills. This role is based in Glasgow. Our Work Experience is the combination of everything that's unique about us: our culture, our core values, our company meetings, our commitment to sustainability, our recognition programs, but most importantly, it's our people. Our employees are self-disciplined, hard working, curious, trustworthy, humble, and truthful. They make choices according to what is best for the team, they live for opportunities to collaborate and make a difference, and they make us the #1 Top Workplace in the area."
"BNY Mellon Capital Markets, LLC",bny.com,"1LoD Non Financial Risk Controls Specialist Greater Manchester, United Kingdom Reconcilliations & Control Posted 6 hours ago",https://bnymellon.eightfold.ai/careers/job/40349691,"## 1LoD Non Financial Risk Controls Specialist

Greater Manchester, United Kingdom

1LoD Non-Financial Risk Controls Specialist

At BNY, our culture allows us to run our company better and enables employees’ growth and success. As a leading global financial services company at the heart of the global financial system, we influence nearly 20% of the world’s investible assets. Every day, our teams harness cutting-edge AI and breakthrough technologies to collaborate with clients, driving transformative solutions that redefine industries and uplift communities worldwide.

Recognized as a top destination for innovators, BNY is where bold ideas meet advanced technology and exceptional talent. Together, we power the future of finance – and this is what #LifeAtBNY is all about. Join us and be part of something extraordinary.

We’re seeking a future team member for the role of 1LoD Non-Financial Risk Controls Specialist to join our Corporate Trust Control team. This role is located in Manchester, UK.

In this role, you’ll make an impact in the following ways:

• Support and facilitate the implementation and execution of Non-Financial Risk (NFR) responsibilities within the Platform  
• Identify, challenge, and escalate asks/initiatives beyond the scope of 1RC Non-Financial Risk program responsibilities  
• Build deep expertise in NFR tooling and related data and analytics  
• Monitor and report the status of NFR program deliverables, proactively identifying and resolving challenges or blockers  
• Collaborate across the Platform to drive the remediation and reporting of key incidents, issues management, and controls assessments relevant to the Platform  
• Identify and analyze trends and issues, recommend remediation approaches, and integrate outcomes into reporting  
• Identify inefficiencies, flag emerging risks, and propose practical solutions grounded in data and workflow understanding  
• Work closely with Platforms, Compliance, Risk, and Group teams—contributing expertise and supporting execution  
• Take responsibility for the accuracy, timeliness, and completeness of work, understanding how it supports enterprise supervision and conduct outcomes

To be successful in this role, we’re seeking the following:

• Knowledge of operational risk frameworks (RCSA, EBCA, RCAT)  
• Experience with issue management, root cause analysis, ORE Management, and scenario analytics  
• Control design, mapping, and testing expertise  
• Ability to interpret KRI/Telemetry data  
• Strong analytical skills and structured problem-solving ability  
• Effective risk communication skills  
• Professional skepticism and ability to provide credible challenge  
• Experience collaborating across 1LoD, 2LoD, and 3LoD functions  
• Proactive escalation and ownership of responsibilities  
• Adaptability to evolving risk landscapes  
• Demonstrate leadership by taking ownership of assigned responsibilities and proactively escalating issues as needed

At BNY, our culture speaks for itself, check out the latest BNY news at:

Here’s a few of our recent awards:

* America’s Most Innovative Companies, Fortune, 2025
* World’s Most Admired Companies, Fortune 2025
* “Most Just Companies”, Just Capital and CNBC, 2025

Our Benefits and Rewards:

BNY offers highly competitive compensation, benefits, and wellbeing programs rooted in a strong culture of excellence and our pay-for-performance philosophy. We provide access to flexible global resources and tools for your life’s journey. Focus on your health, foster your personal resilience, and reach your financial goals as a valued member of our team, along with generous paid leaves, including paid volunteer time, that can support you and your family through moments that matter.

BNY is an Equal Employment Opportunity/Affirmative Action Employer - Underrepresented racial and ethnic groups/Females/Individuals with Disabilities/Protected Veterans."
TNEI Services Ltd,tneigroup.com,1st Line IT Support Engineer,https://www.tneigroup.com/jobs/1st-line-it-support-engineer,"**DEPARTMENT:**  IT

**STATUS:**  37.5 hours per week, Permanent.

**LOCATION:**  Manchester, Hybrid

**THE POSITION**

We’re searching for a **1st Line IT Support Engineer** to join us at an exciting stage of our growth. This is a fantastic opportunity to contribute to impactful consultancy work, help shape client outcomes, and play an important part in the continued development of our services. In this role, you will have the chance to take ownership of meaningful work, collaborate with talented specialists, and make a genuine contribution to TNEI’s mission in the energy transition.

Whether you’re looking to step up into your next level of responsibility, develop your technical or consultancy skills, gain more exposure to client-facing work, or broaden your project portfolio, this role offers significant scope for growth. We understand that career journeys aren’t always linear, this opportunity may equally suit someone seeking a sideways move into a new team, discipline or environment where they can make a real difference and apply existing expertise in a fresh context. At TNEI, you’ll be supported to shape a career pathway that fits your goals while contributing to high impact projects.

**KEY DUTIES & RESPONSIBILITIES**:

* Oversee the IT HelpDesk to ensure timely resolution of support requests, prioritising tasks and meeting SLAs, while providing technical assistance via phone, email, and ticketing systems.
* Diagnose and resolve hardware/software issues on desktops, laptops, mobile devices, and provide basic network support, including connectivity and printer setups.
* Assist with password resets, account unlocks, and basic Active Directory tasks, escalating complex issues to senior support members when needed.
* Manage IT equipment and software procurement, ensuring cost efficiency, compliance, and security; maintain inventory and manage asset lifecycles.
* Update documentation, create user training materials, and lead workshops to improve IT tool proficiency, while contributing to the ongoing improvement of IT support processes.

**REQUIREMENTS**

Essential requirements include:

* Bachelor’s degree in Computer Science, IT, or related field (or equivalent experience), with 2-3 years prior experience in 1st Line Support or similar roles.
* Strong knowledge of Windows and macOS operating systems, along with familiarity with Microsoft Office 365 and other common software applications.
* Basic understanding of networking principles, including TCP/IP, DNS, and DHCP.
* Excellent analytical, troubleshooting, and communication skills, both written and verbal.
* Customer-focused, committed to providing high-quality support, with the ability to work independently or collaboratively within a team.

Desirable requirements:

* Experience with IT Service Management tools.
* Basic knowledge of Active Directory and Exchange.
* Experience with remote support tools.
* Certifications such as CompTIA Network+ or equivalent.
* ITIL Foundation certification or similar is a plus.

**About TNEI**

TNEI is a specialist, vibrant consulting company that has been at the forefront of providing expert technical advice to electricity network companies, renewable energy developers, regulators and funding institutions all over the world since it was established in 1999.  By nurturing the top talent in the energy industry we’ve built a solid reputation of developing innovative solutions and solving complex problems associated with achieving net zero.  We offer a fast-paced learning environment with excellent career development opportunities. Join us and become part of the net zero energy revolution.

**TNEI staff at the heart of the business**

TNEI is an Employee Ownership Trust meaning that the people who work in the business directly benefit from and influence the direction and future success of the company.

TNEI has always been proud of its inventive and collaborative culture. That culture is at the heart of its success and ensures innovative and novel approaches to supporting and helping solve challenges facing our client base. An Employee Ownership Trust embodies this company culture in which we all feel responsible for the business’ performance and success.

By remaining independent, the company is able to retain its culture and reputation and allow staff to feel even more connected to the company.

Find out what it’s like to be part of our team and visit ‘life at TNEI’ on our website’s careers page.

****Here’s How We Take Care of You****

* Work life balance: 25 days holiday & a day off to celebrate your birthday
* Flexible working: Hybrid, core hours & annual alternative working location
* Career growth: Development opportunities & funded professional memberships
* Financial rewards: Discretional annual bonus scheme, employee ownership dividend & pension
* Wellbeing support: Private healthcare, EAP & enhanced sick pay
* Family-friendly: Enhanced family & carers leave
* People & Community: Cycle to Work, travel loan, discounts platform, socials & charity matching

**How to apply**

Please apply using the ‘Apply Now’ form on the Careers Page on our website, and upload your CV and covering letter, demonstrating why you are suitable for the role and any previous experience.

**Closing date for applications:**

Applications will close on or before the ****24 April 2026****

Successful candidates will be invited to interview on receipt of application.  Therefore, if you are planning to apply, we recommend that you do so without delay.

**Equality, diversity and inclusion**

TNEI promotes equality, diversity and inclusion in a space where all are respected.

**SALARY:**Competitive and based on experience and qualifications."
Delta Capita Group,deltacapita.com,2 LOD Regulatory Compliance Associate,https://careersdeltacapita.recruitee.com/o/2-lod-regulatory-compliance-associate-3,"# 2 LOD Regulatory Compliance Associate

* Hybrid
* + London, Greater London, United Kingdom
* Consulting

## Job description

Gap analysis in advance of business integration to understand Regulatory Compliance requirements against current business processes.

## Job requirements

**Key Responsibilities:**

· Support implementation across all areas of the business to ensure smooth transition while remaining within regulatory guidelines and maintaining status quo of local business authorities and codes.

· Post implementation review of activities, conduct control design and effectiveness testing, updates.

· Any applicable and upcoming regulatory legislation, guidelines, best practice incl. local codes of conduct to be implemented and embedded

· Engagement with the regulators and other authorities incl. notifications/ approvals required prior to the transaction, reports/notifications to home/host regulators and other authorities incl. data requirements and systems access,

· Updates to compliance framework, policies, procedures, monitoring, controls, regulatory change management, horizon scanning.

· Training required and audience adaption and compliance mandatory

· Confirm roles and responsibilities, ownership of activities, data requirements, system access/migration.

**Job requirements**

· Degree (e.g. business administration, economics, business law, law or comparable).

· Expertise in the field of regulation of financial services companies

· Communication and influencing skills, and assertiveness.

· Analytical, commercial and results driven.

· Experience working in a demanding environment is essential.

· The ability to work across all areas of the business a strong business acumen is necessary.

· Experience of 2LOD Regulatory Compliance with Financial Institute governed under CBI Regulation

**How We Work:**

Delta Capita is an equal opportunity employer. We positively encourage applications from suitably qualified and eligible candidates regardless of age, colour, disability, national origin, ancestry, race, religion, gender, sexual orientation, gender identity and/or expression, veteran status, genetic information, or any other status protected by applicable law.  
  
We will ensure that individuals with disabilities are provided reasonable accommodation to participate in the job application or interview process, to perform essential job functions, and to receive other benefits and privileges of employment. If you require any reasonable adjustments through your interview process, please use the designated space within the application questionnaire.

This is a fixed-term contract position located in London. As the selection and interview process is ongoing, please submit your application in English as soon as possible, if your profile is selected, a member of our team will contact you within 4 weeks. For this role a valid working permit for the Dublin is mandatory.  
  
**Expectations regarding hybrid working:** As we are a Service Provider and Consulting firm servicing clients, our policy for physically working from the office (which may be the clients' offices or our own offices depending on the client) aligns to what our clients' policies and expectations are and these vary. Most of our clients now require a minimum of 3 days per week in the office, 2 days from home, and accordingly this is also the minimum expectation that Delta Capita require. However, some of our clients have now moved up to 4 days and even 5 days in the office and we require candidates to be flexible to meet our client demands.

**Who We Are:**

Delta Capita Group is a global managed services, consulting, and solutions provider with a unique combination of experience in Financial Services and technology innovation capability. Our mission is to reinvent the financial services value chain providing technology based mutualised services for financial institutions for non-differentiating services.

**Our 3 offerings are:**

·       Managed Services

·       Consulting & Solutions

·       Technology

 

To know more about Delta Capita and our culture click here:"
Prosource,prosource.it,2776 - Data Engineer UK Aberdeen,https://prosource.it/careers/vacancies/2776-data-engineer,"# 2776 - Data Engineer

1. UK
2. Aberdeen
3. Remote Considered

Reporting to the Data Platforms Manager, you will design, develop, and maintain scalable, cost-effective data solutions on the Azure Data Platform. You’ll support the creation and management of Gold layer data models following Medallion Architecture, ensuring alignment with platform best practices and governance standards. Working collaboratively, you’ll help review, document, and migrate data from a recently acquired company, while identifying opportunities to automate inefficiencies and optimise non-compliant solutions.

📍 **Location:** Aberdeen or London (Hybrid working), we may also consider remote options

**🔁Contract Type**: Contract or Permanent considered

* Design and implement scalable data solutions using Azure services including Data Factory, Data Bricks, and Data Lake Gen2
* Build and maintain metadata managed data pipelines supporting the business by working to centralise critical data within a single platform
* Collaboration with business analysts, data scientists and business stakeholders, translating requirements into technical solutions
* Optimise performance and cost-efficiency of data workflows and adhere to data governance requirements around storage and retention
* Working with stakeholders and business analysts to identify data quality requirements and develop rules to meet those requirements
* Utilise Azure DevOps to manage workload, update tasks and develop CI/CD Pipelines for deployment into other environments

* Strong Proficiency in Azure Data Factory, Synapse Analytics, SQL Databases & Data Lake Gen 2
* Demonstratable understanding on how to apply Medallion Architecture to an Azure Datawarehouse
* Advanced Knowledge around CI/CD pipelines, deployment automation, Infrastructure as Code and work management within Azure DevOps
* Knowledge of development within Databricks, PySpark, Delta Lake, Unity Catalog and Notebook Development
* Demonstratable experience in SQL, T-SQL, JSON, Python & data consumption via API’s, with some understanding of Dax and PowerShell
* Understanding and experience of Data Quality & Validation during the data load process
* Ability to analyse complex data requirements and design efficient data platform solutions
* Strong problem-solving skills to troubleshoot and resolve database issues
* Excellent communication skills to collaborate with stakeholders and explain technical concepts to non-technical users
* Meticulous attention to detail to ensure data accuracy and integrity
* Ability to manage multiple projects and prioritize tasks effectively
* To work effectively with other IT professionals and departments
* Flexibility to adapt to new technologies and changing business requirements

#### What You’ll Get in Return:

For employees, we’re committed to recognising and rewarding hard work. Our competitive salary and benefits package includes; Company Pension Scheme, Private Medical & Dental Insurance, Group Income Protection, Group Life Assurance, Cycle to Work and Electric Car Salary Sacrifice Scheme.  We also invest in your development. If you choose to self-study in your own time, we’ll fund your study materials and exam fees — and once you pass, you’ll receive an incentive bonus."
Prosource,prosource.it,2776 - Data Engineer UK London,https://prosource.it/careers/vacancies/2776-data-engineer-2,"# 2776 - Data Engineer

1. UK
2. London
3. Remote Considered

Reporting to the Data Platforms Manager, you will design, develop, and maintain scalable, cost-effective data solutions on the Azure Data Platform. You’ll support the creation and management of Gold layer data models following Medallion Architecture, ensuring alignment with platform best practices and governance standards. Working collaboratively, you’ll help review, document, and migrate data from a recently acquired company, while identifying opportunities to automate inefficiencies and optimise non-compliant solutions.

📍 **Location:** Aberdeen or London (Hybrid working), we may also consider remote options

**🔁Contract Type**: Contract or Permanent considered

* Design and implement scalable data solutions using Azure services including Data Factory, Data Bricks, and Data Lake Gen2
* Build and maintain metadata managed data pipelines supporting the business by working to centralise critical data within a single platform
* Collaboration with business analysts, data scientists and business stakeholders, translating requirements into technical solutions
* Optimise performance and cost-efficiency of data workflows and adhere to data governance requirements around storage and retention
* Working with stakeholders and business analysts to identify data quality requirements and develop rules to meet those requirements
* Utilise Azure DevOps to manage workload, update tasks and develop CI/CD Pipelines for deployment into other environments

* Strong Proficiency in Azure Data Factory, Synapse Analytics, SQL Databases & Data Lake Gen 2
* Demonstratable understanding on how to apply Medallion Architecture to an Azure Datawarehouse
* Advanced Knowledge around CI/CD pipelines, deployment automation, Infrastructure as Code and work management within Azure DevOps
* Knowledge of development within Databricks, PySpark, Delta Lake, Unity Catalog and Notebook Development
* Demonstratable experience in SQL, T-SQL, JSON, Python & data consumption via API’s, with some understanding of Dax and PowerShell
* Understanding and experience of Data Quality & Validation during the data load process
* Ability to analyse complex data requirements and design efficient data platform solutions
* Strong problem-solving skills to troubleshoot and resolve database issues
* Excellent communication skills to collaborate with stakeholders and explain technical concepts to non-technical users
* Meticulous attention to detail to ensure data accuracy and integrity
* Ability to manage multiple projects and prioritize tasks effectively
* To work effectively with other IT professionals and departments
* Flexibility to adapt to new technologies and changing business requirements

#### What You’ll Get in Return:

For employees, we’re committed to recognising and rewarding hard work. Our competitive salary and benefits package includes; Company Pension Scheme, Private Medical & Dental Insurance, Group Income Protection, Group Life Assurance, Cycle to Work and Electric Car Salary Sacrifice Scheme.  We also invest in your development. If you choose to self-study in your own time, we’ll fund your study materials and exam fees — and once you pass, you’ll receive an incentive bonus."
Prosource,prosource.it,2783 - ServiceNow PMO / Portfolio Analyst UK Scotland,https://prosource.it/careers/vacancies/2783-servicenow-pmo-portfolio-analyst,"# 2783 - ServiceNow PMO / Portfolio Analyst

1. UK
2. Scotland

We are looking for an experienced **ServiceNow PMO / Portfolio Analyst**to support the delivery, optimisation and reporting of a Strategic Portfolio Management function. This role will focus on PPM tool adoption, data insights and developing clear, meaningful reporting that supports effective portfolio decision‐making.

📍 **Location:** Glasgow, Aberdeen or Perth

**🔁Contract Type**: Contract or Permanent considered

* Experience working with ServiceNow SPM/PPM in an analytical, reporting or administration capacity
* Strong skills in Power BI, reporting development and data management
* Good understanding of portfolio or project environments, including performance reporting
* Ability to turn data into clear insights and visual outputs
* Strong attention to detail and confidence maintaining roadmap, portfolio and reporting data

#### What You’ll Get in Return

For employees, we’re committed to recognising and rewarding hard work. Our competitive salary and benefits package includes; Company Pension Scheme, Private Medical & Dental Insurance, Group Income Protection, Group Life Assurance, Cycle to Work and Electric Car Salary Sacrifice Scheme.  We also invest in your development. If you choose to self-study in your own time, we’ll fund your study materials and exam fees — and once you pass, you’ll receive an incentive bonus."
Future plc,futureplc.com,Account Director,https://apply.workable.com/futureplc/j/892AA98EF4,"# Account Director

**Hybrid**B2BFull timeFVAC1742

London, England, United Kingdom

## Description

We're looking for an **Account Director** to increase revenue across our B2B IT portfolio—**SmartBrief, ITPro, and ActualTech Media**. You will sit at the centre of our market development strategy, managing important client and agency relationships while unlocking new opportunities across a powerful multi-brand ecosystem.

You'll be a strategic partner to B2B technology marketers—helping them reach and engage IT decision-makers through integrated solutions spanning **content syndication, webinars, digital media, and demand generation programmes**.

If you enjoy building solutions that deliver measurable outcomes, this is an opportunity to shape the future of our IT vertical.

### What you'll be doing

You will report to the Managing VP of Sales

* Prospect, develop, and close new business opportunities across assigned accounts
* Lead client meetings, presentations, and negotiations with senior decision-makers
* Build a **strategic territory and account growth plan**
* Develop tailored, integrated proposals that clearly communicate value and ROI
* Stay ahead of competitors and industry trends in an evolving digital landscape
* Share client insights to inform product development and go-to-market strategies
* **Manage revenue** across SmartBrief IT, ITPro, and ActualTech Media, with a focus on new business development and account expansion
* Build and manage relationships with **B2B technology brands and media agencies**, positioning yourself as a trusted advisor
* Develop and close **integrated marketing programmes**, including webinars, content syndication, lead generation, and sponsorships
* Create compelling, insight-driven **sales presentations and proposals** tailored to client goals
* Maintain a pipeline, achieving **revenue targets**
* Identify market trends and customer needs to uncover new revenue opportunities within important IT categories
* Represent the business at **industry events, trade shows, and client meetings** to build brand presence and produce leads
* Partner with marketing, product, and delivery teams to ensure successful campaign execution and client satisfaction

### Experience that will put you ahead of the curve

* 5+ years of experience in **media, advertising, or demand generation sales**
* Knowledge of **digital advertising and B2B sales cycles**
* Experience selling into the **B2B IT or technology marketing space** (e.g., cybersecurity, cloud, AI, and infrastructure)
* Track record in **digital media, demand generation, or marketing solutions sales**
* Familiarity with solutions such as **webinars, content syndication, and nurture programs**
* Experience with the **B2B media and advertising landscape**
* Experience translating client goals into **strategic, multi-channel marketing solutions**
* Experience navigating and selling to **both brands and agencies**

### What's in it for you

The expected range for this role is £50,000 - £70,000.

This is a Hybrid role from our London Office, working three days from the office, two from home

... Plus more great perks, which include;

* Uncapped leave, because we trust you to manage your workload and time
* When we hit our targets, enjoy a share of our profits with a bonus
* Refer a friend and get rewarded when they join Future
* Well-being support with access to our Colleague Assistant Programmes
* Opportunity to purchase shares in Future, with our Share Incentive Plan

Internal job family level Commercial 6"
Experian Health,experian.com,Account Director - Marketing Services,https://jobs.smartrecruiters.com/Experian/744000119961146-account-director-marketing-services,"Account Director - Marketing Services

* The Sir John Peace Building, Enterprise Way, Nottingham NG2 7EP, Nottingham, United Kingdom
* Full-time"
WTW group,wtwco.com,"Account Director - Power, Utilities, Renewables and Energy",https://careers.wtwco.com/jobs/account-director-power-utilities-renewables-and-energy-london-england-united-kingdom-ipswich,"# Account Director - Power, Utilities, Renewables and Energy

Ipswich, England, United Kingdom. London, England, United Kingdom

### Account Director - Power, Utilities, Renewables and Energy

* 202602359

* London, England, United Kingdom
* Ipswich, England, United Kingdom

* Full time

## Description

**Summary:**

In this role, you will leverage your skills in client relationship management to deliver tailored insurance and risk management solutions for complex, high-value accounts within the variety of different sectors PURE falls within. This role can be based in our Ipswich or London offices.  
  
**The Role:**

* Ultimate responsibility for the provision of the required services to the client.
* Understand the clients’ business and their insurance and risk management needs and look for solutions to deliver those needs through the provision of ongoing service.
* Identify primary budget holders and decision makers within clients, establish and maintain active relationships with these people.
* Provide technical, industry and subject matter expertise where required.
* Draw on expertise within specialist technical teams within the BU and across the Group for clients as required.
* Determine appropriate solutions, structure, price and placement strategies that meet the clients’ needs and deliver profitable business for a range of clients.
* Lead (but not line manage) the supporting service team.
* Maintain effective working relationships with Claims Advocates to effectively deliver clients’ needs.
* Business Development: To actively drive the sales process in relation to winning, retaining and developing profitable new clients.
* Placement Management: To deliver optimisation of revenue from new and existing clients using the full range of appropriate placement channels.

## Qualifications

**What you'll bring:**

* Strong PURE sector insurance experience is essential.
* Experience of working on global / complex accounts
* Qualification of ACII or similar (preferable) or working towards.
* Strong client relationship skills with experience of managing clients all different sizes.
* Proposition building, market sizing and deployment of marketing and sales strategies.
* Strong practical knowledge of account development and appropriate tools to achieve this aim.
* Experience at new business sales process and track record of converting prospects to clients (preferable).
* Skilled at building effective relationships, at all levels, with clients, prospects, associate’s insurers, and external specialists.
* Strong communication, negotiation and influencing skills.
* Experience of working with and adhering to processes and systems to support client services.

**What We Offer**

Enjoy a benefits package designed to help you thrive, both professionally and personally. You'll receive 25 days of annual leave plus an extra WTW day to relax and recharge. Our comprehensive health and wellbeing offering includes private healthcare, life insurance, group income protection, and regular health assessments, all giving you peace of mind. Secure your future with our defined contribution pension scheme, featuring matched contributions up to 10% from the company.

We support your growth and balance with hybrid working options, access to an employee assistance programme, and a fully paid volunteer day to make a difference in your community. On top of these, you can opt into a variety of additional perks including an electric vehicle car scheme, share scheme, cycle-to-work programme, dental and optical cover, critical illness protection, and much more. Start making the most of your career and wellbeing with a range of benefits tailored for you.

**Equal Opportunity Employer**

We’re committed to equal employment opportunity and provide application, interview and workplace adjustments and accommodations to all applicants. If you foresee any barriers, from the application process through to joining WTW, please email candidate.helpdesk@wtwco.com"
Evermind Digital Ltd.,evermind-digital.com,Account Executive,https://www.evermind-digital.com/careers/account-executive,"Sales · Senior

# Account Executive

Own full-cycle mid-market deals. Sell our ship-first AI enablement methodology to ops, product, and revenue leaders.

## About the role

You will own full-cycle mid-market deals for Evermind. Typical engagement is a 30 to 60 day sales cycle, deal sizes from £15k up to £150k and beyond, with a paid two-week diagnostic as the entry point. Your job is to show credibility and a realistic path from AI idea to AI in production.

AI-first spec

## How AI fits into this role.

- Work with the delivery team on scope and discovery calls

## What we're looking for

* 4+ years closing B2B deals of £25k or more
* Consultative selling approach, not transactional
* Comfort talking technology with engineering and product leaders
* Based in the UK

- Experience with a delivery-led sales motion (not product-led)"
AmbitionPad,ambitionpad.com,Account Executive - (UK),https://www.ambitionpad.com/jobs/69d948bc611777f185b58b51,"# Account Executive - (UK)

at

Company Location

United Kingdom

## Job Description

### Who we are:

Action1 is an autonomous endpoint management platform trusted by many Fortune 500 companies. Cloud-native, infinitely scalable, highly secure, and configurable in 5 minutes—it just works and is always free for the first 200 endpoints, with no functional limits. By pioneering autonomous OS and third-party patching with peer-to-peer patch distribution and real-time vulnerability assessment without needing a VPN, it eliminates routine labor, preempts ransomware and security risks, and protects the digital employee experience.

In 2025, Action1 was recognized by Inc. 5000 as the fastest-growing private software company in America. The company is founder-led by Alex Vovk and Mike Walters, American entrepreneurs who previously founded Netwrix, a multi-billion-dollar cybersecurity company.

### Introduction:

Action1 is transforming endpoint security for modern IT teams. As we continue our evolution from SMB to enterprise, we are hiring a high-performing Enterprise Account Executive to drive complex, multi-stakeholder sales cycles across mid-market and enterprise organizations in the UK.

This is a quota-carrying, full-cycle role focused on landing and expanding enterprise accounts. You will engage directly with IT Directors, Security Leaders, Infrastructure teams, and executive stakeholders to position Action1’s patch management and endpoint security platform as a strategic solution.

We’re looking for someone who understands how enterprise cybersecurity buying works — longer sales cycles, multiple decision-makers, technical validation, procurement navigation — and who thrives in a high-growth, remote-first SaaS environment.

If you’ve successfully sold cybersecurity or adjacent IT solutions into enterprise accounts and enjoy building pipelines as much as closing, this role is for you.

### Responsibilities:

### Drive Enterprise Revenue Growth:

Own a defined territory and meet or exceed enterprise quota targets through disciplined pipeline generation and deal execution.

### Manage the Full Sales Cycle:

Lead opportunities from prospecting through close — including discovery, stakeholder mapping, value alignment, proof-of-concept coordination, negotiation, and contract execution.

### Sell to IT & Security Leaders:

Engage IT Managers, Directors of Infrastructure, CISOs, and technical buying committees with credibility and consultative expertise.

### Build & Maintain Strong Pipeline Coverage:

Generate pipeline through outbound prospecting, partner collaboration, and strategic account planning. Maintain disciplined forecasting and opportunity hygiene in Salesforce.

### Navigate Complex Buying Processes:

Manage multi-threaded sales cycles, security reviews, procurement workflows, and competitive displacement strategies.

### Partner with Solutions Engineers:

Collaborate closely with pre-sales/technical resources to ensure strong technical validation and alignment with customer requirements.

### Execute Account Expansion Strategy:

Identify upsell and cross-sell opportunities within enterprise customers to drive expansion revenue and long-term retention.

### Stay Market-Aware:

Maintain strong knowledge of cybersecurity trends, endpoint management landscape, and competitive positioning.

### Operate with Ownership:

Work independently in a remote-first environment while collaborating cross-functionally with Marketing, Channel, Customer Success, and Product teams.

### Collaborate cross-functionally:

Partner closely with marketing, product, and sales leadership to provide feedback from the field and refine messaging.

## Requirements

* 3–7+ years of quota-carrying B2B sales experience in SaaS, cybersecurity, or IT infrastructure solutions

* Proven success selling into mid-market or enterprise organizations

* Experience engaging IT buyers (IT Directors, SysAdmins, Security Leaders, Infrastructure teams)

* Demonstrated ability to generate pipeline and close complex deals

* Strong forecasting discipline and Salesforce hygiene

* Experience navigating longer, multi-stakeholder enterprise sales cycles

* Excellent discovery and consultative selling skills

* Comfortable in a high-growth, fast-paced startup environment

## Benefits

* A collaborative environment encouraging you to own your domain and implement best practices

* Stable income, benefits, flexible working hours, and opportunities for promotion.

* Friendly and professional peers, eager to help and help you grow.

* A multitude of interesting challenges and opportunities.

### Important: Please Read Carefully

Some remote positions may have location restrictions (country, continent, or timezone requirements). Please review the job description thoroughly to ensure you meet all geographic eligibility criteria before applying.

#### About Company

Action1 is an autonomous endpoint management platform trusted by many Fortune 500 companies. Cloud-native, infinitely scalable, highly secure, and configurable in 5 minutes—it just works and is always free for the first 200 endpoints, with no functional limits. By pioneering autonomous OS and third-party patching with peer-to-peer patch distribution and real-time vulnerability assessment without needing a VPN, it eliminates routine labor, preempts ransomware and security risks, and protects the digital employee experience.In 2025, Action1 was recognized by Inc. 5000 as the fastest-growing private software company in America. The company is founder-led by Alex Vovk and Mike Walters, American entrepreneurs who previously founded Netwrix, a multi-billion-dollar cybersecurity company."
Voop Inc.,voop.com,Account Executive London View role,https://voop.com/careers/care-account-executive,"# Account Executive

Apply now

By combining **network-level controls**, **device-integrated safeguarding software**, and **AI-powered risk detection**, Voop gives parents, carers, schools, and governments the ability to protect without over-restricting — all on the devices that children and adults already use and love.

We're looking for an **Account Executive** to own Voop's growth across the core of the UK care provider market — the 75+ independent fostering agencies, specialist residential groups, charitable care providers, local authorities, and children's trusts that sit between our largest enterprise accounts and our self-serve channel.

These are organisations with 20–300 children in placement, run by owner-managers or small leadership teams who make decisions quickly and care deeply about safeguarding outcomes. The sale is typically 6–10 weeks and you'll run the full cycle from first conversation to signed agreement. You'll carry 15-20 active pursuits at any time and work closely with our Marketing Team (who generate brand awareness) and our Customer Success team (who onboard and retain).

This is a new business, quota-carrying, frontline role. You'll be Voop's voice to the mid-market — the person who turns content engagement into commercial relationships and commercial relationships into children protected. If you've sold SaaS or technology into care, education, or the public sector and you're energised by a product that genuinely matters, this is the role.

## Key Responsibilities

* **Own the mid-market number.** Carry and exceed a quarterly ARR target across accounts 27–100+ in our TAM, spanning independent fostering agencies, specialist residential groups, charitable providers, and local authorities.
* **Execute multi-channel outbound.** Hunting and creating opportunities across multiple channels to build relationships and pipeline that converts. You’ll be an expert in using multiple channels (calling, email, social media) and building personal relationships.
* **Run the full sales cycle.** From first outreach to signed agreement: prospecting, discovery, demo, commercial negotiation, and close. No hand-offs to a closer. The deal is yours from first touch to signature.
* **Convert inbound leads fast.** Marketing generates whitepaper downloads, newsletter engagement, and event contacts. Your job is to follow up within 24 hours, qualify, and move to a meeting. Speed matters — these are warm leads that cool quickly.
* **Deliver a compelling articulation of the challenge and solution.** Our customers are owner-managers who don't have time for a multi-stage sales process. You'll need to qualify, demonstrate the product through safeguarding scenarios, and present commercial terms in one conversation.
* **Manage pilots through to conversion.** Work with Customer Success to onboard pilots and manage these to close. Your job is to make the continuation feel inevitable, not pressured.
* **Build relationships across the sector.** Alongside the Customer Success Lead, Sales Director, and Marketing, you'll attend sector events and represent Voop in person with key stakeholders and decision makers.
* **Feed the content engine.** Weekly sessions with Marketing, Design, and Product: you tell them what messaging is resonating in conversations, they tell you which content is driving engagement. This feedback loop is what makes the flywheel work.
* **Report cleanly.** Pipeline by stage, forecast accuracy, conversion rates, time-in-stage. Monday pipeline review with the CEO and Enterprise Sales Director — every deal, every blocker, every next action.

* **2–5 years in B2B SaaS or technology sales**, ideally in a mid-market or SME segment where you owned the full cycle. You've carried a quota and hit it.
* **Experience selling into care, education, local government, or the third sector** is strongly preferred. You understand how these organisations buy, the budget cycles, the procurement sensitivities, the relationship between operational need and commercial decision.
* **Comfortable with a short, intense sales cycle.** You can qualify, demo, and close in a single meeting when the buyer is ready. You don't need a 12-week process to feel confident in a deal.
* **Strong on the phone and on LinkedIn.** You're not afraid of outbound. You can write a personalised connection request that gets accepted and a follow-up message that gets a reply. You pick up the phone as part of a metiolously planned cadence.
* **Commercially sharp.** You can explain and clearly communicate a commercial model, and understand unit economics to demonstrate ROI and translate it into being a “no-brainer” decision for prospects.
* **Genuinely motivated by the mission.** You'll be speaking to CEOs and Safeguarding Leads who are responsible for vulnerable children. The product protects those children from grooming, exploitation, and harm. If that doesn't matter to you, this isn't the right role.
* **Organised and disciplined.** 15–20 active pursuits require rigorous pipeline management. You update CRM on the day, not at the end of the week. You know where every deal is and what happens next.

* Experience selling to independent fostering agencies, residential care groups, or children's charities.
* Understanding of UK safeguarding frameworks, Ofsted requirements, or LA funding models.
* Background in safeguarding technology, edtech, or mobile/connectivity services.
* Familiarity with the looked-after children sector — the terminology, the stakeholders, the regulatory landscape.
* Experience working alongside a content/inbound marketing function and converting marketing-qualified leads."
Klaviyo Inc.,klaviyo.com,"Account Executive, Commercial - Northern",https://www.klaviyo.com/careers/jobs/7694808003/?gh_jid=7694808003&location=&team=&page=,"# Account Executive, Commercial - Northern

Sales

London, UK

///

Account Executive, Commercial - Northern

*to see how we empower creators to own their own destiny.*

Account Executives at Klaviyo are given a tremendous opportunity to have a huge impact on Klaviyo’s prospects, on Klaviyo’s trajectory and as a result, on themselves. At Klaviyo, AEs pride themselves on being product experts who focus on closing deals the right way with the right customers whom they set up for success.

AEs at Klaviyo run the entire sales cycle from qualification to demo, driving the buying process to close with minimal air support, all while managing dozens of prospects at once. The best AEs are able to close over 70% of their opportunities, forecast their business with accuracy, and proactively manage and extract value from their territory long term.

**How You’ll Make an Impact:**

* Build Klaviyo’s client base across EMEA
* Actively manage your pipeline and develop a strategy for long-term sustained success
* Support the success of your peers
* Exhibit Klaviyo’s values of accountability and effort
* Provide guidance and support to new Account Executives
* Expand your skillset by participating in adjacent tasks over time

**Who You Are:**

* Minimum 1 years' experience carrying net-new revenue quota and consistent overachievement selling MarTech SaaS solutions
* Experience selling to Founders/ Business Owners/ Marketing personas and strong knowledge of the Ecommerce/ Retailers/ Brands domain
* Experience working in a high-velocity and high-volume sales environment, often times with multiple stakeholders
* Experienced in and highly comfortable with outbounding and have creative techniques/ strategies
* Fluent in English (written & verbal).
* Excited, motivated, and inspired by exceeding goals
* Aren’t afraid to hear no and embrace failure as an opportunity to improve
* Strong growth mindset and continually seek improvement and are rigorous in your pursuit of it
* Are encouraging of your team, thoughtful, engaging, and energetic
* Are adept at influencing and relationship building

#LI-Hybrid

Our salary range reflects the cost of labour in the country where the job post is advertised. The base salary offered for this position is determined by several factors, including the applicant’s job-related skills, relevant experience, education or training, and work location.

In addition to base salary, our total compensation package may include participation in the company’s annual cash bonus plan, variable compensation (OTE) for sales and customer success roles, equity, sign-on payments, and a comprehensive range of health, welfare, and wellbeing benefits based on eligibility.

Your recruiter can provide more details about the specific salary/OTE  range for your preferred location during the hiring process.

Base Pay Range in Local Currency:

£55,000—£55,000 GBP

**Get to Know Klaviyo**

We’re Klaviyo (pronounced clay-vee-oh). We empower creators to own their destiny by making first-party data accessible and actionable like never before. We see limitless potential for the technology we’re developing to nurture personalized experiences in ecommerce and beyond. To reach our goals, we need our own crew of remarkable creators—ambitious and collaborative teammates who stay focused on our north star: delighting our customers. If you’re ready to do the best work of your career, where you’ll be welcomed as your whole self from day one and supported with generous benefits, we hope you’ll join us.

*AI fluency at Klaviyo includes responsible use of AI (including privacy, security, bias awareness, and human-in-the-loop). We provide accommodations as needed.*

*By participating in Klaviyo’s interview process, you acknowledge that you have read, understood, and will adhere to our . For more information about how we process your personal data, see our .*

*Klaviyo is committed to a policy of equal opportunity and non-discrimination. We do not discriminate on the basis of race, ethnicity, citizenship, national origin, color, religion or religious creed, age, sex (including pregnancy), gender identity, sexual orientation, physical or mental disability, veteran or active military status, marital status, criminal record, genetics, retaliation, sexual harassment or any other characteristic protected by applicable law.*

*IMPORTANT NOTICE: Our company takes the security and privacy of job applicants very seriously. We will never ask for payment, bank details, or personal financial information as part of the application process. All our legitimate job postings can be found on our official career site. Please be cautious of job offers that come from non-company email addresses (@klaviyo.com), instant messaging platforms, or unsolicited calls.*

**By clicking ""Submit Application"" you consent to Klaviyo processing your Personal Data in accordance with our Job Applicant Privacy Notice.  If you do not wish for Klaviyo to process your Personal Data, please do not submit an application.***You can find our Job Applicant Privacy Notice**and  (FR).*"
Linear,linear.app,"Account Executive, Growth (Europe)",https://linear.app/careers/59fa48ec-6685-4ab2-a388-6203423811d2,"/ Sales

# Account Executive, Growth (Europe)

Full-time (London)

At Linear, we're building the product development system for teams and agents. AI is fundamentally changing how software gets built, and we’re shaping the tools this new era requires.

Founded in 2019, Linear has become the platform of choice for more than 25,000 companies (including OpenAI, Coinbase, and Ramp) to plan, build, and ship their products. Today, our team is distributed across North America and Europe, and we’re continuing to grow internationally. What unites us is relentless focus, fast execution, and a deep care for software craftsmanship.

Over the past few years, Linear has experienced incredible organic growth and has become the default tool of choice for many of the world’s best product teams. We are now layering a product-led sales motion on top of our existing self-serve business to further accelerate our ambitions and bring the magic of Linear to even more and larger companies. As an Account Executive at Linear, you’ll contribute to the future of our product and help high-impact companies build better software.

**Location & work mode**

*While Linear is a remote-first company across the US and Europe, this role is specifically based in London. We’re looking for someone who can work from our London office in Shoreditch 2–3 days per week, as this role will be closely connected to in-person collaboration with our growing sales presence in the region.*

**What you'll do**

* Become a product expert and help customers use Linear effectively; assist prospects through the trial and evaluation phase
* Generate a strong pipeline and exceed quarterly and annual targets
* Build relationships with key stakeholders within accounts
* Stay up to date with our product offering, industry trends, competitive landscape, and market trends to continuously adapt sales strategies and approaches for maximum impact
* Be the voice of the customer; advocate for customers by surfacing product or adoption blockers to our product team

**What we're looking for**

* 5+ years in a quota-carrying sales role
* Experience selling to a technical audience; bonus if you have previous experience working with a collaboration or developer tool
* SaaS and startup experience; comfortable working and adapting in a fast-paced and flexible environment
* Strong written and verbal communication, presentation, and product demonstration skills
* Highly autonomous with a bias for action. Owner’s mindset to quickly come up to speed on product, market, ICP, and unique differentiators

**What we offer**

We're a small, focused team that cares deeply about the quality of our work and the people we do it with. Here's what you can expect:

* Competitive salary and equity
* Employee-friendly equity terms
* Daily meal and coffee stipend on every workday
* Health coverage (based on country requirements)
* 5 weeks paid vacation, plus local statutory holidays
* 4 months paid parental leave
* Paid month off after 4 years & every 2 years thereafter
* Regular team events and off-sites

**Learn how we think and work**

* A story about our mission:
* How we work:
* Our CEO and co-founder, Karri at 20VC:
* Make an Org Chart You Want to Ship —
* Building our teams:
* A video series:
* Read about our recent  and

*Linear is an equal opportunity employer. We do not discriminate based on race, color, religion, gender identity or expression, sexual orientation, national origin, age, disability, veteran status, or any other protected characteristic under applicable law.*"
Linear,linear.app,"Account Executive, Growth (Europe) London →",https://linear.app/careers/59fa48ec-6685-4ab2-a388-6203423811d2?ashby_jid=59fa48ec-6685-4ab2-a388-6203423811d2,"/ Sales

# Account Executive, Growth (Europe)

Full-time (London)

At Linear, we're building the product development system for teams and agents. AI is fundamentally changing how software gets built, and we’re shaping the tools this new era requires.

Founded in 2019, Linear has become the platform of choice for more than 25,000 companies (including OpenAI, Coinbase, and Ramp) to plan, build, and ship their products. Today, our team is distributed across North America and Europe, and we’re continuing to grow internationally. What unites us is relentless focus, fast execution, and a deep care for software craftsmanship.

Over the past few years, Linear has experienced incredible organic growth and has become the default tool of choice for many of the world’s best product teams. We are now layering a product-led sales motion on top of our existing self-serve business to further accelerate our ambitions and bring the magic of Linear to even more and larger companies. As an Account Executive at Linear, you’ll contribute to the future of our product and help high-impact companies build better software.

**Location & work mode**

*While Linear is a remote-first company across the US and Europe, this role is specifically based in London. We’re looking for someone who can work from our London office in Shoreditch 2–3 days per week, as this role will be closely connected to in-person collaboration with our growing sales presence in the region.*

**What you'll do**

* Become a product expert and help customers use Linear effectively; assist prospects through the trial and evaluation phase
* Generate a strong pipeline and exceed quarterly and annual targets
* Build relationships with key stakeholders within accounts
* Stay up to date with our product offering, industry trends, competitive landscape, and market trends to continuously adapt sales strategies and approaches for maximum impact
* Be the voice of the customer; advocate for customers by surfacing product or adoption blockers to our product team

**What we're looking for**

* 5+ years in a quota-carrying sales role
* Experience selling to a technical audience; bonus if you have previous experience working with a collaboration or developer tool
* SaaS and startup experience; comfortable working and adapting in a fast-paced and flexible environment
* Strong written and verbal communication, presentation, and product demonstration skills
* Highly autonomous with a bias for action. Owner’s mindset to quickly come up to speed on product, market, ICP, and unique differentiators

**What we offer**

We're a small, focused team that cares deeply about the quality of our work and the people we do it with. Here's what you can expect:

* Competitive salary and equity
* Employee-friendly equity terms
* Daily meal and coffee stipend on every workday
* Health coverage (based on country requirements)
* 5 weeks paid vacation, plus local statutory holidays
* 4 months paid parental leave
* Paid month off after 4 years & every 2 years thereafter
* Regular team events and off-sites

**Learn how we think and work**

* A story about our mission:
* How we work:
* Our CEO and co-founder, Karri at 20VC:
* Make an Org Chart You Want to Ship —
* Building our teams:
* A video series:
* Read about our recent  and

*Linear is an equal opportunity employer. We do not discriminate based on race, color, religion, gender identity or expression, sexual orientation, national origin, age, disability, veteran status, or any other protected characteristic under applicable law.*"
Third Bridge Group,thirdbridge.com,Account Management Associate,https://www.thirdbridge.com/en-us/vacancies/Account-Management-Associate.744000119571977,"* Real conversations with the right experts
* Differentiated insights at scale
* Instant access to expert knowledge
* Enhance your team with deep expertise
* Integrated access to global insights

Search our current vacancies to find your next role.

# Account Management Associate

3. Account Management Associate

## Account Management Associate

London, United Kingdom

## Company Description

## Job Description

As the new Account Management Associate, you’ll help your book of clients access the full suite of research solutions Third Bridge offers. Building lasting trusted relationships with credit funds, hedge funds, and mutual funds managers, you’ll work with investors on a day-to-day basis helping them maximise their investment research.

With training and support from Mikaela and the rest of your close-knit team, you’ll gain a deep understanding of our products and our clients’ preferences. You will play a pivotal role in helping clients navigate our AI-integrated ecosystem, ensuring they utilise our products to extract the most relevant investment research at speed. With a ‘helping not selling’ approach, you’ll drive account growth by identifying relevant content or connecting them to industry experts to optimise their usage and increase our mindshare.

You’ll keep our systems up to date with client user preferences and other pertinent account data to help you and the wider team deliver a tailored content delivery service. This is a great opportunity to join a very high-performing team and work collaboratively with colleagues across our leading international business—from fellow account managers to Research, Sales, Finance, Legal, and Product teams—upholding our One Third Bridge ethos.

## Qualifications

A graduate with some customer-facing work experience already, you’re interested in honing your skills and growing a commercial skillset. You are curious about the intersection of high-touch service and cutting-edge technology, ready to learn how AI-driven tools can enhance the investor experience. You’ll be hungry to learn all you can, ready to take advantage of the training provided and the exposure this opportunity will offer you.

You enjoy collaborating with a team, sharing ideas and expertise as well as being open to learning from others too. Your ability to build positive relationships with colleagues and customers alike is a big strength to this role, and you use these to advise and influence others.

Previous sales or account management experience is a bonus, but more importantly is your target-driven, hard work ethic. Communication is key in this role, so you’re confident in written and spoken media whether on the phone or face to face. We’re an English-speaking international business, but other languages may also be helpful when working with some of our clients.

**We truly care about our people so in return for your work, you’ll get:**

* Vacation: 25 days (increasing to 28 days after 2 years) plus UK Bank Holidays.
* Learning: Personal development allowance of £1,000 per year.
* Health and Wellbeing: Private medical insurance, healthcare cash plan, mental health events, and Ride to Work scheme.
* Future and Family: Pension contributions of 4% (increases with tenure) and life insurance (4x base salary).
* Flexibility: Work from anywhere for one month per year, 2 annual volunteer days, 2 personal days, and 'Summer Fridays'.
* Rewards: Points-based recognition programme for hotels, gift cards, and more.
* Social: Optional gatherings, daily breakfast/snacks, and regular social events.
* ESG: Strong commitment to CSR and Diversity & Inclusion (including Women at Third Bridge, Pride, and Blkbridge).
* Frontline Innovation: Your chance to share ideas for improvement through AI-focused Hackathons and other innovation events.

The successful candidate must, by the start of the employment, have permission to work in the country they are applying.

We know that to be truly innovative, we need to have a diverse team around us. That is why Third Bridge is committed to creating an inclusive environment and is proud to be an equal opportunity employer. If you are not 100% sure if you are right for the role, please apply anyway and we will be happy to consider your application."
Inspired Thinking Group,inspiredthinking.group,Account Manager,https://apply.workable.com/itg/j/9CC8234B1C,"# Account Manager

**On-site**Client ServicesFull time

London, England, United Kingdom

## Description

This is an exciting opportunity to coordinate and facilitate the production and delivery of Point of Sale (POS) & VM for Windows and Events for the M&S Food account.  The Account Manager works directly with the M&S Marketing in store team, liaising with key stakeholders and is responsible for the keeping of all campaigns within budget and on time.

The role exists in support of the Senior Account Manager and is integral to the effective running of the marketing function within M&S Food, coordinating the delivery of all administrative elements of marketing campaigns and activity for Windows and Events.  Working closely with various M&S teams, the role will involve leading the ITG team to hit key critical path deadlines so that artworks, production briefs and costs are approved by key stakeholders when required, in turn allowing for a seamless campaign delivery to stores.

**Key Responsibilities:**

* Receiving briefs from the team leads, or directly from the client (M&S Marketing) and clearly communicating timelines, creative templates that will be followed and costings.
* Linking all briefs back to the M&S planning managers and managing the relationships between M&S Marketing and Planning teams to ensure campaigns run smoothly and artwork can be approved in good time.
* Lead pre-production meetings for your business unit per campaign in support of your Senior Account Manager (prior to briefing artwork) to ensure M&S marketing have given a clear finalized artwork brief
* Maintain a great relationship with ITG Artwork Production Team (this team are based in Birmingham at ITG Head Office) and flag urgent or large campaigns in advance, giving them realistic deadlines
* Brief final artwork to ITG Artwork Production team using pre-approved templates, with enough time for them to complete the job well, especially during busy periods. Avoid bottle neck artwork periods by pre-planning and having open discussions with the wider team on when artwork is expected to be briefed.
* You will accurately manage information from the M&S business units, formulating full production and artwork briefs, producing detailed print specifications and maintaining print allocations for POS material via our tech system, Media Centre. Working in support of the Print Contract Manager when/if required.
* Ensure that printers have been engaged each campaign on deadlines, workload and realistic timings on when they will receive Purchase Order and final artwork
* Ensure all M&S cost trackers for POS are kept up to date, and costs are communicated regularly with ITG Senior Account Manager, ITG Senior Account Director and M&S marketing.
* Ensure Purchase Orders are raised in good time in advance of the file to print date and all issues are flagged in advance with the M&S team.

## Requirements

* First and foremost, you should be a people person. You should be able to demonstrate exceptional people skills and be a customer-focused fanatic.
* Previous experience of working in an agency environment with Advertising experience.
* Have a good knowledge of creative processes and a thorough understanding of POS and VM.
* Basic print production knowledge, with the ability to understand cutter requirements.
* Comfortable being hands on and proactive, this isn’t a desk only role. Some days you’ll be between stores, taking measurements, making things happen. Someone to take ownership and bring new ideas forward.
* You won’t be micromanaged here, the ability to manage your own time and deliver quality with speed is essential.
* You hold strong experience with project management and trafficking multiple projects in tandem, which may be at different points in the creative process.
* A background in retail would be an advantage but is not necessary.
* Attention to detail is an absolute key skill to uphold and deliver – you will be managing more than one project at one time so managing your time effectively is crucial.
* Comfortable in interacting with an enthusiastic and committed team – whilst being part of ITG, you will also be part of the wider M&S team working as one.

## Benefits

**Work’s a treat!**  
On top of a competitive salary, you can expect a whole load of perks:

* **25 days’ holiday + bank holidays** – we understand the importance of you getting some down time.

* **Annual Wellbeing Day –** enjoy an additional day on us to look after your physical and mental wellbeing.
* **Pension Scheme –** helping you save towards your retirement home in the sun!
* **Corporate Medical Cash Plan –** claim back the cost of your medical treatments.
* **Smart Working Options –** spend up to 40% of your working week from home.
* **So many savings**– through our online community platform, you can access dozens of daily deals, from money off top brands to discounts on days out.

* **Employee Assistance Programme** – our people are at the heart of everything we do, so if you’re happy, we’re happy.
* **Cycle to Work Scheme** – save on the cost of biking to work.
* **Monthly Employee Awards** - Employee of the Month programme with £250 bonus
* **Raising money for charity** **including a paid Volunteer Day** – we’re all about giving back... and having lots of fun in the process!
* **Referral scheme**

* **Wellbeing Programme –** giving you the opportunity to join regular, interactive Wellbeing Workshops or join our 30 plus Wellbeing Champions.
* **Enhanced Family Friendly Leave –** support for you and your family to help you navigate through the craziness of family life.

**We Value Diversity**

We champion and welcome diversity in our workforce and ensure all job applicants receive equal and fair treatment, regardless of age, race, gender or gender identity, religion, sexual orientation, disability, or nationality.

We are not only committed to increasing the visibility and recognition of talent from under-represented groups within our organisation, but the wider industry too.

At the end of the day, we make sure we take time to look after ourselves, each other, and the planet, because we’re always stronger together.

ITG have a number of community groups available to employees and exist to offer a safe space for like-minded colleagues, with shared interests to connect, socialise and check in with each other.

If you found yourself interested in knowing more, drop us your application and someone from our team will be in touch.

#LI-SC1"
Radius,radius.com,Account Manager,https://jobs.smartrecruiters.com/RadiusLimited/744000119968004-account-manager,"Account Manager

* Part Ground, First and Second floors, Water Edge, Clarendon Dock, Clarendon Road, Belfast, Northern Ireland, United Kingdom
* Full-time"
Reapit Ltd,reapit.com,Account Manager,https://reapitcareers.reapit.com/jobs/7549411-account-manager,"See our

Operations & Sales
·
Reapit London office , Reapit Solihull office
·

Hybrid

# Account Manager

Reapit is the original end-to-end business technology provider for estate agencies of all sizes. We’ve been helping sales and lettings agents build relationships and grow their businesses for more than 25 years. Our technology empowers property professionals across Europe, the Middle East, Australia, and New Zealand to work with buyers, sellers, tenants, and landlords to deliver a dream home experience.

Worldwide, over 78,000 agents across more than 15,000 branches use Reapit to run their businesses, manage properties, collect rent, engage clients, and provide outstanding customer service every time.

We are looking for an Account Manager to manage and grow a portfolio of medium and large customers, driving retention, expansion, and long-term value.

This is not a traditional reactive customer success / account manager role. You will operate as a commercial account owner, responsible for renewals, cross-sell and upsell opportunities, and building strategic relationships with key stakeholders. You will take a challenger approach, proactively identifying opportunities to add value and positioning our solutions to support your customers’ business goals.

Reporting to the Senior Director, Customer Success & Training you’ll be involved in:

* Managing a portfolio of medium and large customers with accountability for retention, renewal, and revenue growth

* Identifying and delivering cross-sell and upsell opportunities across your customer base

* Leading commercial conversations, including renewals, pricing, and contract negotiations

* Developing strong relationships with key stakeholders, acting as a trusted advisor to your customers

* Taking a proactive, challenger-led approach to customer engagement - bringing insight, ideas, and value to every interaction

* Building and maintaining account plans aligned to customer objectives and growth targets

* Clearly articulating the value proposition of Reapit’s solutions, linking product capabilities to customer outcomes

* Working alongside our Customer Success Managers to monitor customer health, identifying risks and opportunities, and driving appropriate action

* Collaborating with Sales, Product, and Support teams to deliver a seamless customer experience

* Contributing to the evolution of our customer engagement and account management model

At Reapit, we prioritise hiring individuals who share our values and possess the right attitudes and behaviours for success. Whilst some of the listed requirements may be important, don’t worry if you don’t meet all of them, we’d still like to hear from you.

* Proven experience in Customer Success, Account Management, or Sales within B2B SaaS or the property industry

* Strong track record of growing existing accounts (retention, upsell, cross-sell)

* Comfortable operating in a commercial, target-driven environment

* Experience managing relationships with mid-market or enterprise customers

* Strong communication and stakeholder management skills

* A curious, challenger mindset, with the ability to understand customer needs and drive value-based conversations

* Highly organised, with the ability to manage multiple accounts effectively

As an Account Manager, we expect your success and impact in the early stages of your career with us to look something like this:

Within 1 month:

* Onboard successfully into Reapit’s products, customers, and processes

* Build an understanding of your customer portfolio and key stakeholders

* Begin engaging with customers alongside colleagues to understand account dynamics

Within 3 months:

* Take commercial ownership of your customer portfolio, building strong working relationships

* Identify early retention risks and growth opportunities within accounts

* Begin contributing to renewal conversations and account planning

Within 6 months:

* Fully own renewals and expansion opportunities across your accounts

* Deliver measurable impact against retention and growth targets

* Establish yourself as a trusted advisor, proactively driving value for customers

We operate a Flexible Working Policy and we would like for you to work from our office locations regularly, as well as frequent visits to customer sites.

We’re offering the chance to really make a difference here at Reapit and the opportunity for personal growth is very real. You’ll feel part of a special team. You can expect a highly competitive salary and some great benefits, including:

* Competitive salary and quarterly bonus scheme

* 5.5% employer pension contribution

* 20 days annual leave (plus a day for your birthday) increasing by a day for every year worked

* We’re closed over Christmas and New Year, to give you time back to your friends and family

* Formal and in-house training for your L&D plus access to Go1 – the worlds largest online learning library

* Health benefits via Benenden Health, annual flu vaccinations and many others

* Season ticket loan

* Regular local and companywide social events including Tucker Thursday - mouth-watering cuisine delivered straight to the office doors once a month!

* Opportunity to participate in retail benefits and savings via our Benefits partner, Zest!

We care about our industry and want it to become a more inclusive and diverse place to work. So, we’re driven by hiring not only by experience and relevance for the role but by sharing our values and the right attitudes and behaviours for success.

We are committed to Equal Employment Opportunity through attracting and retaining a complementary team of employees and building an inclusive environment for all.

We feel we have an empowering environment where everyone is supported and respected, and we want you to feel this too. We welcome new ideas, thinking and approaches, whilst listening to all our employees.

Operations & Sales
·
Reapit London office , Reapit Solihull office
·

Hybrid

# Account Manager

In your own words, please tell us what motivated you to apply for this role, and why you feel your experience is suitable\*RequiredTo help us progress your application, please confirm your expected base salary range for this role.\*Required

# Privacy policy for the Reapit UK employer branding and recruitment

Date of publication: 07-06-2024

We at Reapit UK manage our employer branding and recruitment process through our  (the “Career Site”), and by using a related applicant tracking system.

In this privacy policy, we explain how we process your personal data if:

This privacy policy also describes what rights you have when we process your personal data, and how you can exercise these rights.

When we use the term “Candidate” in this privacy policy, we are referring to each of Connecting Candidates; Applying Candidates; Sourced Candidates; and Referred Candidates, unless it’s stated otherwise.

### 1. About processing of personal data

Personal data is all information that can be directly or indirectly linked to a living, physical person. Examples of personal data are: name, e-mail address, telephone number and IP address. Processing of personal data is any automated use of personal data - such as collecting, creating, analyzing, sharing, and deleting personal data.

There are laws and regulations on how companies may process personal data, so-called data protection laws. Different data protection laws apply to different types of use of personal data, and in different parts of the world. An example of a data protection law that is relevant for our use of your personal data, as described in this privacy policy, is the EU Data Protection Regulation (2016/679, “GDPR”).

Most obligations under the GDPR apply to the so-called data controller. A data controller is the entity that decides for which purposes personal data will be processed, and how the processing will be executed. The data controller can use a so-called data processor. A data processor is an entity"